                  bin_name, config_name, const_basicHintCount, const_enableBasicHead, const_enableDense, const_enableHash, const_enableHeadNode, const_enablePrefix, const_hashSimdWidth, const_hashSortUseStdMerge, const_hashUseCrc32, const_hashUseSimd, const_headNode4HintCount, const_headNode8HintCount, const_pageSize, data_name, data_size, data_sorted,          op, payload_size, run_id, ycsb_range_len, ycsb_zipf,  time,   cycle,   instr, L1_miss, LLC_miss, br_miss,    task,       scale,   IPC,   CPU,   GHz 
named-build/dense1-n3-ycsb,      dense1,                   16,                     1,                 1,                0,                    0,                  1,                  32,                         1,                  0,                 1,                       16,                       16,           4096,       int,   5000000,           0, ycsb_c_init,            8,      1,            100, -1.000000, 0.757, 679.708, 769.022,  23.998,   13.750,   7.049, 151.334, 5000000.000, 1.131, 1.000, 4.491 
named-build/dense1-n3-ycsb,      dense1,                   16,                     1,                 1,                0,                    0,                  1,                  32,                         1,                  0,                 1,                       16,                       16,           4096,       int,   5000000,           0, ycsb_c,            8,      1,            100, -1.000000, 1.847, 829.731, 481.631,  11.436,    5.861,   4.711, 184.748, 10000000.000, 0.580, 1.000, 4.491 
named-build/dense2-n3-ycsb,      dense2,                   16,                     1,                 0,                0,                    0,                  1,                  32,                         1,                  0,                 1,                       16,                       16,           4096,       int,   5000000,           0, ycsb_c_init,            8,      1,            100, -1.000000, 0.643, 577.597, 684.518,  17.947,    8.951,   6.733, 128.599, 5000000.000, 1.185, 1.000, 4.491 
named-build/dense2-n3-ycsb,      dense2,                   16,                     1,                 0,                0,                    0,                  1,                  32,                         1,                  0,                 1,                       16,                       16,           4096,       int,   5000000,           0, ycsb_c,            8,      1,            100, -1.000000, 2.127, 955.140, 480.349,  13.023,    7.522,   5.052, 212.676, 10000000.000, 0.503, 1.000, 4.491 
named-build/dense1-n3-ycsb,      dense1,                   16,                     1,                 1,                0,                    0,                  1,                  32,                         1,                  0,                 1,                       16,                       16,           4096,       int,   5000000,           0, ycsb_c_init,            8,      1,            100,  0.990000, 0.760, 682.516, 768.845,  23.997,   13.829,   7.055, 151.959, 5000000.000, 1.126, 1.000, 4.491 
named-build/dense1-n3-ycsb,      dense1,                   16,                     1,                 1,                0,                    0,                  1,                  32,                         1,                  0,                 1,                       16,                       16,           4096,       int,   5000000,           0, ycsb_c,            8,      1,            100,  0.990000, 1.708, 766.527, 481.280,  10.966,    5.189,   4.421, 170.844, 10000000.000, 0.628, 1.000, 4.487 
named-build/dense2-n3-ycsb,      dense2,                   16,                     1,                 0,                0,                    0,                  1,                  32,                         1,                  0,                 1,                       16,                       16,           4096,       int,   5000000,           0, ycsb_c_init,            8,      1,            100,  0.990000, 0.699, 628.059, 684.785,  17.959,    9.093,   6.719, 139.862, 5000000.000, 1.090, 1.000, 4.491 
named-build/dense2-n3-ycsb,      dense2,                   16,                     1,                 0,                0,                    0,                  1,                  32,                         1,                  0,                 1,                       16,                       16,           4096,       int,   5000000,           0, ycsb_c,            8,      1,            100,  0.990000, 2.093, 939.882, 479.768,  13.083,    6.554,   4.714, 209.291, 10000000.000, 0.510, 1.000, 4.491 
named-build/dense1-n3-ycsb,      dense1,                   16,                     1,                 1,                0,                    0,                  1,                  32,                         1,                  0,                 1,                       16,                       16,           4096, data/urls,   5000000,           0, ycsb_c_init,            8,      1,            100, -1.000000, 3.082, 2768.246, 1535.067,  62.731,   35.908,  15.955, 616.333, 5000000.000, 0.555, 1.000, 4.491 
named-build/dense1-n3-ycsb,      dense1,                   16,                     1,                 1,                0,                    0,                  1,                  32,                         1,                  0,                 1,                       16,                       16,           4096, data/urls,   5000000,           0, ycsb_c,            8,      1,            100, -1.000000, 6.312, 2834.992, 1178.397,  44.143,   27.747,  12.973, 631.217, 10000000.000, 0.416, 1.000, 4.491 
named-build/dense2-n3-ycsb,      dense2,                   16,                     1,                 0,                0,                    0,                  1,                  32,                         1,                  0,                 1,                       16,                       16,           4096, data/urls,   5000000,           0, ycsb_c_init,            8,      1,            100, -1.000000, 2.981, 2677.661, 1530.847,  63.070,   35.048,  15.928, 596.168, 5000000.000, 0.572, 1.000, 4.491 
named-build/dense2-n3-ycsb,      dense2,                   16,                     1,                 0,                0,                    0,                  1,                  32,                         1,                  0,                 1,                       16,                       16,           4096, data/urls,   5000000,           0, ycsb_c,            8,      1,            100, -1.000000, 6.227, 2796.706, 1178.469,  44.228,   27.899,  12.941, 622.688, 10000000.000, 0.421, 1.000, 4.491 
named-build/dense1-n3-ycsb,      dense1,                   16,                     1,                 1,                0,                    0,                  1,                  32,                         1,                  0,                 1,                       16,                       16,           4096, data/urls,   5000000,           0, ycsb_c_init,            8,      1,            100,  0.990000, 3.076, 2762.578, 1535.043,  62.631,   35.879,  15.955, 615.087, 5000000.000, 0.556, 1.000, 4.491 
named-build/dense1-n3-ycsb,      dense1,                   16,                     1,                 1,                0,                    0,                  1,                  32,                         1,                  0,                 1,                       16,                       16,           4096, data/urls,   5000000,           0, ycsb_c,            8,      1,            100,  0.990000, 5.521, 2479.498, 1180.009,  42.368,   24.926,  11.709, 552.066, 10000000.000, 0.476, 1.000, 4.491 
named-build/dense2-n3-ycsb,      dense2,                   16,                     1,                 0,                0,                    0,                  1,                  32,                         1,                  0,                 1,                       16,                       16,           4096, data/urls,   5000000,           0, ycsb_c_init,            8,      1,            100,  0.990000, 3.020, 2713.232, 1530.919,  63.229,   35.858,  15.903, 604.084, 5000000.000, 0.564, 1.000, 4.491 
named-build/dense2-n3-ycsb,      dense2,                   16,                     1,                 0,                0,                    0,                  1,                  32,                         1,                  0,                 1,                       16,                       16,           4096, data/urls,   5000000,           0, ycsb_c,            8,      1,            100,  0.990000, 5.556, 2495.322, 1179.947,  42.592,   24.922,  11.705, 555.597, 10000000.000, 0.473, 1.000, 4.491 
named-build/dense1-n3-ycsb,      dense1,                   16,                     1,                 1,                0,                    0,                  1,                  32,                         1,                  0,                 1,                       16,                       16,           4096, data/wiki,   5000000,           0, ycsb_c_init,            8,      1,            100, -1.000000, 2.615, 2349.323, 1146.956,  47.361,   29.258,  14.795, 523.078, 5000000.000, 0.488, 1.000, 4.491 
named-build/dense1-n3-ycsb,      dense1,                   16,                     1,                 1,                0,                    0,                  1,                  32,                         1,                  0,                 1,                       16,                       16,           4096, data/wiki,   5000000,           0, ycsb_c,            8,      1,            100, -1.000000, 5.244, 2355.359, 820.589,  30.233,   21.773,  11.905, 524.427, 10000000.000, 0.348, 1.000, 4.491 
named-build/dense2-n3-ycsb,      dense2,                   16,                     1,                 0,                0,                    0,                  1,                  32,                         1,                  0,                 1,                       16,                       16,           4096, data/wiki,   5000000,           0, ycsb_c_init,            8,      1,            100, -1.000000, 2.607, 2341.685, 1146.664,  47.698,   29.000,  14.807, 521.375, 5000000.000, 0.490, 1.000, 4.491 
named-build/dense2-n3-ycsb,      dense2,                   16,                     1,                 0,                0,                    0,                  1,                  32,                         1,                  0,                 1,                       16,                       16,           4096, data/wiki,   5000000,           0, ycsb_c,            8,      1,            100, -1.000000, 5.274, 2368.602, 820.573,  30.280,   21.851,  11.880, 527.376, 10000000.000, 0.346, 1.000, 4.491 
named-build/dense1-n3-ycsb,      dense1,                   16,                     1,                 1,                0,                    0,                  1,                  32,                         1,                  0,                 1,                       16,                       16,           4096, data/wiki,   5000000,           0, ycsb_c_init,            8,      1,            100,  0.990000, 2.608, 2341.724, 1146.949,  47.054,   28.431,  14.829, 521.678, 5000000.000, 0.490, 1.000, 4.489 
named-build/dense1-n3-ycsb,      dense1,                   16,                     1,                 1,                0,                    0,                  1,                  32,                         1,                  0,                 1,                       16,                       16,           4096, data/wiki,   5000000,           0, ycsb_c,            8,      1,            100,  0.990000, 4.633, 2080.547, 819.152,  28.391,   19.329,  10.778, 463.243, 10000000.000, 0.394, 1.000, 4.491 
named-build/dense2-n3-ycsb,      dense2,                   16,                     1,                 0,                0,                    0,                  1,                  32,                         1,                  0,                 1,                       16,                       16,           4096, data/wiki,   5000000,           0, ycsb_c_init,            8,      1,            100,  0.990000, 2.617, 2350.332, 1145.925,  47.673,   28.860,  14.830, 523.290, 5000000.000, 0.488, 1.000, 4.491 
named-build/dense2-n3-ycsb,      dense2,                   16,                     1,                 0,                0,                    0,                  1,                  32,                         1,                  0,                 1,                       16,                       16,           4096, data/wiki,   5000000,           0, ycsb_c,            8,      1,            100,  0.990000, 4.575, 2054.601, 819.175,  28.594,   19.420,  10.752, 457.463, 10000000.000, 0.399, 1.000, 4.491 
named-build/dense1-n3-ycsb,      dense1,                   16,                     1,                 1,                0,                    0,                  1,                  32,                         1,                  0,                 1,                       16,                       16,           4096,       int,   5000000,           0, ycsb_e_init,            8,      1,            100, -1.000000, 1.133, 1070.983, 971.870,  35.814,   22.065,   8.868, 238.453, 4750000.000, 0.907, 1.000, 4.491 
named-build/dense1-n3-ycsb,      dense1,                   16,                     1,                 1,                0,                    0,                  1,                  32,                         1,                  0,                 1,                       16,                       16,           4096,       int,   5000000,           0, ycsb_e,            8,      1,            100, -1.000000, 10.094, 4532.546, 4636.151,  59.907,   34.869,  12.480, 1009.326, 10000000.000, 1.023, 1.000, 4.491 
named-build/dense2-n3-ycsb,      dense2,                   16,                     1,                 0,                0,                    0,                  1,                  32,                         1,                  0,                 1,                       16,                       16,           4096,       int,   5000000,           0, ycsb_e_init,            8,      1,            100, -1.000000, 1.047, 989.681, 933.554,  31.911,   19.850,   9.005, 220.349, 4750000.000, 0.943, 1.000, 4.491 
named-build/dense2-n3-ycsb,      dense2,                   16,                     1,                 0,                0,                    0,                  1,                  32,                         1,                  0,                 1,                       16,                       16,           4096,       int,   5000000,           0, ycsb_e,            8,      1,            100, -1.000000, 10.666, 4790.230, 4651.837,  46.195,   28.137,  50.693, 1066.557, 10000000.000, 0.971, 1.000, 4.491 
named-build/dense1-n3-ycsb,      dense1,                   16,                     1,                 1,                0,                    0,                  1,                  32,                         1,                  0,                 1,                       16,                       16,           4096,       int,   5000000,           0, ycsb_e_init,            8,      1,            100,  0.990000, 1.141, 1078.767, 972.259,  35.791,   22.198,   8.880, 240.183, 4750000.000, 0.901, 1.000, 4.491 
named-build/dense1-n3-ycsb,      dense1,                   16,                     1,                 1,                0,                    0,                  1,                  32,                         1,                  0,                 1,                       16,                       16,           4096,       int,   5000000,           0, ycsb_e,            8,      1,            100,  0.990000, 8.671, 3894.077, 4622.012,  58.454,   31.656,  11.390, 867.035, 10000000.000, 1.187, 1.000, 4.491 
named-build/dense2-n3-ycsb,      dense2,                   16,                     1,                 0,                0,                    0,                  1,                  32,                         1,                  0,                 1,                       16,                       16,           4096,       int,   5000000,           0, ycsb_e_init,            8,      1,            100,  0.990000, 1.101, 1037.033, 933.245,  31.964,   19.758,   9.003, 231.732, 4750000.000, 0.900, 1.000, 4.475 
named-build/dense2-n3-ycsb,      dense2,                   16,                     1,                 0,                0,                    0,                  1,                  32,                         1,                  0,                 1,                       16,                       16,           4096,       int,   5000000,           0, ycsb_e,            8,      1,            100,  0.990000, 9.408, 4225.389, 4649.343,  43.585,   25.386,  46.367, 940.791, 10000000.000, 1.100, 1.000, 4.491 
named-build/dense1-n3-ycsb,      dense1,                   16,                     1,                 1,                0,                    0,                  1,                  32,                         1,                  0,                 1,                       16,                       16,           4096, data/urls,   5000000,           0, ycsb_e_init,            8,      1,            100, -1.000000, 2.751, 2600.911, 1520.861,  61.919,   34.339,  15.922, 579.084, 4750000.000, 0.585, 1.000, 4.491 
named-build/dense1-n3-ycsb,      dense1,                   16,                     1,                 1,                0,                    0,                  1,                  32,                         1,                  0,                 1,                       16,                       16,           4096, data/urls,   5000000,           0, ycsb_e,            8,      1,            100, -1.000000, 14.959, 6717.773, 5027.382,  94.108,   58.669,  28.056, 1495.875, 10000000.000, 0.748, 1.000, 4.491 
named-build/dense2-n3-ycsb,      dense2,                   16,                     1,                 0,                0,                    0,                  1,                  32,                         1,                  0,                 1,                       16,                       16,           4096, data/urls,   5000000,           0, ycsb_e_init,            8,      1,            100, -1.000000, 2.749, 2597.553, 1517.416,  62.376,   34.625,  15.896, 578.667, 4750000.000, 0.584, 1.000, 4.489 
named-build/dense2-n3-ycsb,      dense2,                   16,                     1,                 0,                0,                    0,                  1,                  32,                         1,                  0,                 1,                       16,                       16,           4096, data/urls,   5000000,           0, ycsb_e,            8,      1,            100, -1.000000, 15.011, 6741.784, 5027.374,  94.887,   58.257,  27.990, 1501.057, 10000000.000, 0.746, 1.000, 4.491 
named-build/dense1-n3-ycsb,      dense1,                   16,                     1,                 1,                0,                    0,                  1,                  32,                         1,                  0,                 1,                       16,                       16,           4096, data/urls,   5000000,           0, ycsb_e_init,            8,      1,            100,  0.990000, 2.760, 2609.602, 1520.847,  62.129,   34.737,  15.921, 581.010, 4750000.000, 0.583, 1.000, 4.491 
named-build/dense1-n3-ycsb,      dense1,                   16,                     1,                 1,                0,                    0,                  1,                  32,                         1,                  0,                 1,                       16,                       16,           4096, data/urls,   5000000,           0, ycsb_e,            8,      1,            100,  0.990000, 13.072, 5870.850, 5032.615,  91.856,   53.606,  25.450, 1307.140, 10000000.000, 0.857, 1.000, 4.491 
named-build/dense2-n3-ycsb,      dense2,                   16,                     1,                 0,                0,                    0,                  1,                  32,                         1,                  0,                 1,                       16,                       16,           4096, data/urls,   5000000,           0, ycsb_e_init,            8,      1,            100,  0.990000, 2.722, 2573.371, 1516.710,  62.015,   34.220,  15.873, 572.947, 4750000.000, 0.589, 1.000, 4.491 
named-build/dense2-n3-ycsb,      dense2,                   16,                     1,                 0,                0,                    0,                  1,                  32,                         1,                  0,                 1,                       16,                       16,           4096, data/urls,   5000000,           0, ycsb_e,            8,      1,            100,  0.990000, 13.213, 5933.974, 5032.421,  91.988,   53.878,  25.449, 1321.239, 10000000.000, 0.848, 1.000, 4.491 
named-build/dense1-n3-ycsb,      dense1,                   16,                     1,                 1,                0,                    0,                  1,                  32,                         1,                  0,                 1,                       16,                       16,           4096, data/wiki,   5000000,           0, ycsb_e_init,            8,      1,            100, -1.000000, 2.260, 2135.318, 1116.382,  45.703,   27.228,  14.757, 475.804, 4750000.000, 0.523, 1.000, 4.488 
named-build/dense1-n3-ycsb,      dense1,                   16,                     1,                 1,                0,                    0,                  1,                  32,                         1,                  0,                 1,                       16,                       16,           4096, data/wiki,   5000000,           0, ycsb_e,            8,      1,            100, -1.000000, 15.503, 6959.303, 4479.596,  80.138,   52.360,  52.143, 1550.274, 10000000.000, 0.644, 1.000, 4.489 
named-build/dense2-n3-ycsb,      dense2,                   16,                     1,                 0,                0,                    0,                  1,                  32,                         1,                  0,                 1,                       16,                       16,           4096, data/wiki,   5000000,           0, ycsb_e_init,            8,      1,            100, -1.000000, 2.333, 2205.694, 1116.119,  46.167,   27.561,  14.774, 491.108, 4750000.000, 0.506, 1.000, 4.491 
named-build/dense2-n3-ycsb,      dense2,                   16,                     1,                 0,                0,                    0,                  1,                  32,                         1,                  0,                 1,                       16,                       16,           4096, data/wiki,   5000000,           0, ycsb_e,            8,      1,            100, -1.000000, 15.064, 6764.720, 4479.592,  80.003,   52.991,  52.151, 1506.324, 10000000.000, 0.662, 1.000, 4.491 
named-build/dense1-n3-ycsb,      dense1,                   16,                     1,                 1,                0,                    0,                  1,                  32,                         1,                  0,                 1,                       16,                       16,           4096, data/wiki,   5000000,           0, ycsb_e_init,            8,      1,            100,  0.990000, 2.231, 2109.409, 1116.346,  45.782,   27.211,  14.817, 469.647, 4750000.000, 0.529, 1.000, 4.491 
named-build/dense1-n3-ycsb,      dense1,                   16,                     1,                 1,                0,                    0,                  1,                  32,                         1,                  0,                 1,                       16,                       16,           4096, data/wiki,   5000000,           0, ycsb_e,            8,      1,            100,  0.990000, 12.920, 5799.561, 4474.454,  78.381,   47.992,  47.470, 1291.931, 10000000.000, 0.772, 1.000, 4.489 
named-build/dense2-n3-ycsb,      dense2,                   16,                     1,                 0,                0,                    0,                  1,                  32,                         1,                  0,                 1,                       16,                       16,           4096, data/wiki,   5000000,           0, ycsb_e_init,            8,      1,            100,  0.990000, 2.188, 2068.922, 1115.334,  46.121,   27.529,  14.755, 460.646, 4750000.000, 0.539, 1.000, 4.491 
named-build/dense2-n3-ycsb,      dense2,                   16,                     1,                 0,                0,                    0,                  1,                  32,                         1,                  0,                 1,                       16,                       16,           4096, data/wiki,   5000000,           0, ycsb_e,            8,      1,            100,  0.990000, 12.863, 5775.722, 4474.481,  78.350,   48.479,  47.529, 1286.285, 10000000.000, 0.775, 1.000, 4.490 
named-build/dense1-n3-ycsb,      dense1,                   16,                     1,                 1,                0,                    0,                  1,                  32,                         1,                  0,                 1,                       16,                       16,           4096,       int,   5000000,           0, ycsb_c_init,            8,      2,            100, -1.000000, 0.754, 677.502, 769.022,  23.970,   13.709,   7.055, 150.846, 5000000.000, 1.135, 1.000, 4.491 
named-build/dense1-n3-ycsb,      dense1,                   16,                     1,                 1,                0,                    0,                  1,                  32,                         1,                  0,                 1,                       16,                       16,           4096,       int,   5000000,           0, ycsb_c,            8,      2,            100, -1.000000, 1.841, 826.811, 481.628,  11.434,    5.869,   4.710, 184.101, 10000000.000, 0.583, 1.000, 4.491 
named-build/dense2-n3-ycsb,      dense2,                   16,                     1,                 0,                0,                    0,                  1,                  32,                         1,                  0,                 1,                       16,                       16,           4096,       int,   5000000,           0, ycsb_c_init,            8,      2,            100, -1.000000, 0.621, 557.930, 684.507,  17.848,    9.118,   6.695, 124.220, 5000000.000, 1.227, 1.000, 4.491 
named-build/dense2-n3-ycsb,      dense2,                   16,                     1,                 0,                0,                    0,                  1,                  32,                         1,                  0,                 1,                       16,                       16,           4096,       int,   5000000,           0, ycsb_c,            8,      2,            100, -1.000000, 2.101, 943.516, 480.335,  12.932,    7.675,   5.044, 210.089, 10000000.000, 0.509, 1.000, 4.491 
named-build/dense1-n3-ycsb,      dense1,                   16,                     1,                 1,                0,                    0,                  1,                  32,                         1,                  0,                 1,                       16,                       16,           4096,       int,   5000000,           0, ycsb_c_init,            8,      2,            100,  0.990000, 0.792, 710.136, 768.859,  24.090,   13.750,   7.071, 158.387, 5000000.000, 1.083, 1.000, 4.484 
named-build/dense1-n3-ycsb,      dense1,                   16,                     1,                 1,                0,                    0,                  1,                  32,                         1,                  0,                 1,                       16,                       16,           4096,       int,   5000000,           0, ycsb_c,            8,      2,            100,  0.990000, 1.608, 721.447, 481.262,  10.850,    5.020,   4.412, 160.811, 10000000.000, 0.667, 1.000, 4.486 
named-build/dense2-n3-ycsb,      dense2,                   16,                     1,                 0,                0,                    0,                  1,                  32,                         1,                  0,                 1,                       16,                       16,           4096,       int,   5000000,           0, ycsb_c_init,            8,      2,            100,  0.990000, 0.626, 562.699, 684.775,  17.860,    8.983,   6.712, 125.283, 5000000.000, 1.217, 1.000, 4.491 
named-build/dense2-n3-ycsb,      dense2,                   16,                     1,                 0,                0,                    0,                  1,                  32,                         1,                  0,                 1,                       16,                       16,           4096,       int,   5000000,           0, ycsb_c,            8,      2,            100,  0.990000, 1.855, 833.171, 479.728,  12.346,    6.635,   4.700, 185.519, 10000000.000, 0.576, 1.000, 4.491 
named-build/dense1-n3-ycsb,      dense1,                   16,                     1,                 1,                0,                    0,                  1,                  32,                         1,                  0,                 1,                       16,                       16,           4096, data/urls,   5000000,           0, ycsb_c_init,            8,      2,            100, -1.000000, 3.098, 2781.803, 1535.059,  62.567,   35.949,  15.956, 619.681, 5000000.000, 0.552, 1.000, 4.489 
named-build/dense1-n3-ycsb,      dense1,                   16,                     1,                 1,                0,                    0,                  1,                  32,                         1,                  0,                 1,                       16,                       16,           4096, data/urls,   5000000,           0, ycsb_c,            8,      2,            100, -1.000000, 6.385, 2867.597, 1178.359,  44.209,   27.903,  12.960, 638.475, 10000000.000, 0.411, 1.000, 4.491 
named-build/dense2-n3-ycsb,      dense2,                   16,                     1,                 0,                0,                    0,                  1,                  32,                         1,                  0,                 1,                       16,                       16,           4096, data/urls,   5000000,           0, ycsb_c_init,            8,      2,            100, -1.000000, 3.013, 2706.279, 1531.580,  63.443,   35.823,  15.898, 602.538, 5000000.000, 0.566, 1.000, 4.491 
named-build/dense2-n3-ycsb,      dense2,                   16,                     1,                 0,                0,                    0,                  1,                  32,                         1,                  0,                 1,                       16,                       16,           4096, data/urls,   5000000,           0, ycsb_c,            8,      2,            100, -1.000000, 6.327, 2841.505, 1178.402,  44.452,   27.877,  12.948, 632.676, 10000000.000, 0.415, 1.000, 4.491 
named-build/dense1-n3-ycsb,      dense1,                   16,                     1,                 1,                0,                    0,                  1,                  32,                         1,                  0,                 1,                       16,                       16,           4096, data/urls,   5000000,           0, ycsb_c_init,            8,      2,            100,  0.990000, 3.045, 2735.431, 1535.038,  62.663,   35.702,  15.970, 609.026, 5000000.000, 0.561, 1.000, 4.491 
named-build/dense1-n3-ycsb,      dense1,                   16,                     1,                 1,                0,                    0,                  1,                  32,                         1,                  0,                 1,                       16,                       16,           4096, data/urls,   5000000,           0, ycsb_c,            8,      2,            100,  0.990000, 5.447, 2446.250, 1179.947,  42.155,   24.693,  11.726, 544.663, 10000000.000, 0.482, 1.000, 4.491 
named-build/dense2-n3-ycsb,      dense2,                   16,                     1,                 0,                0,                    0,                  1,                  32,                         1,                  0,                 1,                       16,                       16,           4096, data/urls,   5000000,           0, ycsb_c_init,            8,      2,            100,  0.990000, 2.992, 2687.855, 1530.907,  63.595,   35.839,  15.918, 598.456, 5000000.000, 0.570, 1.000, 4.491 
named-build/dense2-n3-ycsb,      dense2,                   16,                     1,                 0,                0,                    0,                  1,                  32,                         1,                  0,                 1,                       16,                       16,           4096, data/urls,   5000000,           0, ycsb_c,            8,      2,            100,  0.990000, 5.588, 2508.215, 1180.009,  42.621,   25.169,  11.717, 558.800, 10000000.000, 0.470, 1.000, 4.489 
named-build/dense1-n3-ycsb,      dense1,                   16,                     1,                 1,                0,                    0,                  1,                  32,                         1,                  0,                 1,                       16,                       16,           4096, data/wiki,   5000000,           0, ycsb_c_init,            8,      2,            100, -1.000000, 2.615, 2349.068, 1146.950,  47.379,   29.234,  14.797, 523.006, 5000000.000, 0.488, 1.000, 4.491 
named-build/dense1-n3-ycsb,      dense1,                   16,                     1,                 1,                0,                    0,                  1,                  32,                         1,                  0,                 1,                       16,                       16,           4096, data/wiki,   5000000,           0, ycsb_c,            8,      2,            100, -1.000000, 5.248, 2356.926, 820.536,  30.262,   21.778,  11.891, 524.786, 10000000.000, 0.348, 1.000, 4.491 
named-build/dense2-n3-ycsb,      dense2,                   16,                     1,                 0,                0,                    0,                  1,                  32,                         1,                  0,                 1,                       16,                       16,           4096, data/wiki,   5000000,           0, ycsb_c_init,            8,      2,            100, -1.000000, 2.640, 2371.039, 1145.923,  47.723,   28.980,  14.821, 527.902, 5000000.000, 0.483, 1.000, 4.491 
named-build/dense2-n3-ycsb,      dense2,                   16,                     1,                 0,                0,                    0,                  1,                  32,                         1,                  0,                 1,                       16,                       16,           4096, data/wiki,   5000000,           0, ycsb_c,            8,      2,            100, -1.000000, 5.362, 2408.188, 820.612,  30.248,   21.750,  11.878, 536.190, 10000000.000, 0.341, 1.000, 4.491 
named-build/dense1-n3-ycsb,      dense1,                   16,                     1,                 1,                0,                    0,                  1,                  32,                         1,                  0,                 1,                       16,                       16,           4096, data/wiki,   5000000,           0, ycsb_c_init,            8,      2,            100,  0.990000, 2.613, 2346.719, 1146.963,  47.326,   29.203,  14.793, 522.484, 5000000.000, 0.489, 1.000, 4.491 
named-build/dense1-n3-ycsb,      dense1,                   16,                     1,                 1,                0,                    0,                  1,                  32,                         1,                  0,                 1,                       16,                       16,           4096, data/wiki,   5000000,           0, ycsb_c,            8,      2,            100,  0.990000, 4.580, 2056.761, 819.225,  28.607,   19.170,  10.762, 457.965, 10000000.000, 0.398, 1.000, 4.491 
named-build/dense2-n3-ycsb,      dense2,                   16,                     1,                 0,                0,                    0,                  1,                  32,                         1,                  0,                 1,                       16,                       16,           4096, data/wiki,   5000000,           0, ycsb_c_init,            8,      2,            100,  0.990000, 2.606, 2340.620, 1145.911,  47.883,   29.167,  14.822, 521.167, 5000000.000, 0.490, 1.000, 4.491 
named-build/dense2-n3-ycsb,      dense2,                   16,                     1,                 0,                0,                    0,                  1,                  32,                         1,                  0,                 1,                       16,                       16,           4096, data/wiki,   5000000,           0, ycsb_c,            8,      2,            100,  0.990000, 4.576, 2054.682, 819.141,  28.638,   19.349,  10.757, 457.626, 10000000.000, 0.399, 1.000, 4.490 
named-build/dense1-n3-ycsb,      dense1,                   16,                     1,                 1,                0,                    0,                  1,                  32,                         1,                  0,                 1,                       16,                       16,           4096,       int,   5000000,           0, ycsb_e_init,            8,      2,            100, -1.000000, 1.167, 1103.380, 971.787,  35.742,   22.274,   8.877, 245.665, 4750000.000, 0.881, 1.000, 4.491 
named-build/dense1-n3-ycsb,      dense1,                   16,                     1,                 1,                0,                    0,                  1,                  32,                         1,                  0,                 1,                       16,                       16,           4096,       int,   5000000,           0, ycsb_e,            8,      2,            100, -1.000000, 10.162, 4563.707, 4636.138,  59.952,   35.060,  12.527, 1016.136, 10000000.000, 1.016, 1.000, 4.491 
named-build/dense2-n3-ycsb,      dense2,                   16,                     1,                 0,                0,                    0,                  1,                  32,                         1,                  0,                 1,                       16,                       16,           4096,       int,   5000000,           0, ycsb_e_init,            8,      2,            100, -1.000000, 1.054, 996.800, 933.495,  31.955,   19.851,   9.000, 221.933, 4750000.000, 0.936, 1.000, 4.491 
named-build/dense2-n3-ycsb,      dense2,                   16,                     1,                 0,                0,                    0,                  1,                  32,                         1,                  0,                 1,                       16,                       16,           4096,       int,   5000000,           0, ycsb_e,            8,      2,            100, -1.000000, 10.569, 4743.997, 4651.862,  44.631,   28.185,  50.685, 1056.884, 10000000.000, 0.981, 1.000, 4.489 
named-build/dense1-n3-ycsb,      dense1,                   16,                     1,                 1,                0,                    0,                  1,                  32,                         1,                  0,                 1,                       16,                       16,           4096,       int,   5000000,           0, ycsb_e_init,            8,      2,            100,  0.990000, 1.137, 1074.681, 971.792,  35.693,   22.035,   8.875, 239.272, 4750000.000, 0.904, 1.000, 4.491 
named-build/dense1-n3-ycsb,      dense1,                   16,                     1,                 1,                0,                    0,                  1,                  32,                         1,                  0,                 1,                       16,                       16,           4096,       int,   5000000,           0, ycsb_e,            8,      2,            100,  0.990000, 8.647, 3882.837, 4622.066,  58.556,   31.817,  11.407, 864.684, 10000000.000, 1.190, 1.000, 4.490 
named-build/dense2-n3-ycsb,      dense2,                   16,                     1,                 0,                0,                    0,                  1,                  32,                         1,                  0,                 1,                       16,                       16,           4096,       int,   5000000,           0, ycsb_e_init,            8,      2,            100,  0.990000, 1.053, 995.277, 933.165,  31.996,   19.897,   8.996, 221.594, 4750000.000, 0.938, 1.000, 4.491 
named-build/dense2-n3-ycsb,      dense2,                   16,                     1,                 0,                0,                    0,                  1,                  32,                         1,                  0,                 1,                       16,                       16,           4096,       int,   5000000,           0, ycsb_e,            8,      2,            100,  0.990000, 9.361, 4203.542, 4649.445,  43.591,   25.353,  46.363, 936.102, 10000000.000, 1.106, 1.000, 4.490 
named-build/dense1-n3-ycsb,      dense1,                   16,                     1,                 1,                0,                    0,                  1,                  32,                         1,                  0,                 1,                       16,                       16,           4096, data/urls,   5000000,           0, ycsb_e_init,            8,      2,            100, -1.000000, 2.729, 2580.524, 1521.510,  61.923,   34.239,  15.919, 574.536, 4750000.000, 0.590, 1.000, 4.491 
named-build/dense1-n3-ycsb,      dense1,                   16,                     1,                 1,                0,                    0,                  1,                  32,                         1,                  0,                 1,                       16,                       16,           4096, data/urls,   5000000,           0, ycsb_e,            8,      2,            100, -1.000000, 15.379, 6906.556, 5027.338,  94.670,   58.012,  28.028, 1537.801, 10000000.000, 0.728, 1.000, 4.491 
named-build/dense2-n3-ycsb,      dense2,                   16,                     1,                 0,                0,                    0,                  1,                  32,                         1,                  0,                 1,                       16,                       16,           4096, data/urls,   5000000,           0, ycsb_e_init,            8,      2,            100, -1.000000, 2.722, 2573.342, 1516.716,  62.415,   35.095,  15.867, 572.946, 4750000.000, 0.589, 1.000, 4.491 
named-build/dense2-n3-ycsb,      dense2,                   16,                     1,                 0,                0,                    0,                  1,                  32,                         1,                  0,                 1,                       16,                       16,           4096, data/urls,   5000000,           0, ycsb_e,            8,      2,            100, -1.000000, 14.890, 6687.079, 5027.121,  94.796,   58.475,  28.006, 1488.948, 10000000.000, 0.752, 1.000, 4.491 
named-build/dense1-n3-ycsb,      dense1,                   16,                     1,                 1,                0,                    0,                  1,                  32,                         1,                  0,                 1,                       16,                       16,           4096, data/urls,   5000000,           0, ycsb_e_init,            8,      2,            100,  0.990000, 2.757, 2606.416, 1520.865,  61.876,   34.491,  15.907, 580.320, 4750000.000, 0.584, 1.000, 4.491 
named-build/dense1-n3-ycsb,      dense1,                   16,                     1,                 1,                0,                    0,                  1,                  32,                         1,                  0,                 1,                       16,                       16,           4096, data/urls,   5000000,           0, ycsb_e,            8,      2,            100,  0.990000, 12.987, 5831.931, 5032.446,  96.137,   52.729,  25.484, 1298.681, 10000000.000, 0.863, 1.000, 4.491 
named-build/dense2-n3-ycsb,      dense2,                   16,                     1,                 0,                0,                    0,                  1,                  32,                         1,                  0,                 1,                       16,                       16,           4096, data/urls,   5000000,           0, ycsb_e_init,            8,      2,            100,  0.990000, 2.760, 2609.912, 1516.714,  62.331,   34.675,  15.863, 581.081, 4750000.000, 0.581, 1.000, 4.491 
named-build/dense2-n3-ycsb,      dense2,                   16,                     1,                 0,                0,                    0,                  1,                  32,                         1,                  0,                 1,                       16,                       16,           4096, data/urls,   5000000,           0, ycsb_e,            8,      2,            100,  0.990000, 13.377, 6007.616, 5032.884,  92.195,   53.503,  25.435, 1337.598, 10000000.000, 0.838, 1.000, 4.491 
