                  bin_name, config_name, const_basicHintCount, const_enableBasicHead, const_enableDense, const_enableHash, const_enableHeadNode, const_enablePrefix, const_hashSimdWidth, const_hashSortUseStdMerge, const_hashUseCrc32, const_hashUseSimd, const_headNode4HintCount, const_headNode8HintCount, const_pageSize, data_name, data_size, data_sorted,          op, payload_size, run_id, ycsb_range_len, ycsb_zipf,   time,    cycle,   instr, L1_miss, LLC_miss, br_miss,    task,        scale,   IPC,   CPU,   GHz 
named-build/dense2-n3-ycsb,      dense2,                   16,                     1,                 0,                0,                    0,                  1,                  32,                         1,                  0,                 1,                       16,                       16,           4096,       int,  30000000,           0, ycsb_c_init,            8,      1,            100, -1.000000, 11.178, 1673.534, 789.152,  20.868,   12.872,   8.115, 372.599, 30000000.000, 0.472, 1.000, 4.492 
named-build/dense2-n3-ycsb,      dense2,                   16,                     1,                 0,                0,                    0,                  1,                  32,                         1,                  0,                 1,                       16,                       16,           4096,       int,  30000000,           0, ycsb_c,            8,      1,            100, -1.000000, 40.594, 1823.149, 597.090,  16.373,   11.079,   6.598, 405.933, 100000000.000, 0.328, 1.000, 4.491 
named-build/dense2-n3-ycsb,      dense2,                   16,                     1,                 0,                0,                    0,                  1,                  32,                         1,                  0,                 1,                       16,                       16,           4096,       int,  35000000,           0, ycsb_c_init,            8,      1,            100, -1.000000, 13.452, 1719.921, 793.659,  21.248,   13.154,   8.219, 384.037, 35000000.000, 0.461, 0.999, 4.479 
named-build/dense2-n3-ycsb,      dense2,                   16,                     1,                 0,                0,                    0,                  1,                  32,                         1,                  0,                 1,                       16,                       16,           4096,       int,  35000000,           0, ycsb_c,            8,      1,            100, -1.000000, 43.241, 1940.299, 599.785,  16.762,   11.371,   6.789, 432.404, 100000000.000, 0.309, 1.000, 4.487 
named-build/dense2-n3-ycsb,      dense2,                   16,                     1,                 0,                0,                    0,                  1,                  32,                         1,                  0,                 1,                       16,                       16,           4096,       int,  40000000,           0, ycsb_c_init,            8,      1,            100, -1.000000, 15.364, 1725.047, 796.998,  21.390,   13.462,   8.330, 384.070, 40000000.000, 0.462, 1.000, 4.491 
named-build/dense2-n3-ycsb,      dense2,                   16,                     1,                 0,                0,                    0,                  1,                  32,                         1,                  0,                 1,                       16,                       16,           4096,       int,  40000000,           0, ycsb_c,            8,      1,            100, -1.000000, 44.111, 1981.138, 600.613,  17.013,   11.734,   6.834, 441.107, 100000000.000, 0.303, 1.000, 4.491 
named-build/hints-n3-ycsb,       hints,                   16,                     1,                 0,                0,                    0,                  1,                  32,                         1,                  0,                 1,                       16,                       16,           4096,       int,  30000000,           0, ycsb_c_init,            8,      1,            100, -1.000000, 16.087, 2402.051, 1040.146,  38.162,   25.844,  10.815, 536.209, 30000000.000, 0.433, 1.000, 4.480 
named-build/hints-n3-ycsb,       hints,                   16,                     1,                 0,                0,                    0,                  1,                  32,                         1,                  0,                 1,                       16,                       16,           4096,       int,  30000000,           0, ycsb_c,            8,      1,            100, -1.000000, 60.863, 2731.355, 726.296,  21.418,   15.614,  10.021, 608.617, 100000000.000, 0.266, 1.000, 4.488 
named-build/hints-n3-ycsb,       hints,                   16,                     1,                 0,                0,                    0,                  1,                  32,                         1,                  0,                 1,                       16,                       16,           4096,       int,  35000000,           0, ycsb_c_init,            8,      1,            100, -1.000000, 18.655, 2393.863, 1044.683,  38.433,   26.217,  10.954, 532.976, 35000000.000, 0.436, 1.000, 4.492 
named-build/hints-n3-ycsb,       hints,                   16,                     1,                 0,                0,                    0,                  1,                  32,                         1,                  0,                 1,                       16,                       16,           4096,       int,  35000000,           0, ycsb_c,            8,      1,            100, -1.000000, 66.309, 2978.140, 727.839,  21.690,   15.877,  10.139, 663.083, 100000000.000, 0.244, 1.000, 4.491 
named-build/hash-n3-ycsb,        hash,                   16,                     1,                 0,                1,                    0,                  1,                  32,                         1,                  0,                 1,                       16,                       16,           4096,       int,  30000000,           0, ycsb_c_init,            8,      1,            100, -1.000000, 17.138, 2559.130, 1387.096,  25.321,   15.894,  10.787, 571.231, 30000000.000, 0.542, 1.000, 4.480 
named-build/hash-n3-ycsb,        hash,                   16,                     1,                 0,                1,                    0,                  1,                  32,                         1,                  0,                 1,                       16,                       16,           4096,       int,  30000000,           0, ycsb_c,            8,      1,            100, -1.000000, 71.454, 3206.728, 739.940,  24.616,   18.253,   9.005, 714.533, 100000000.000, 0.231, 1.000, 4.488 
named-build/hints-n3-ycsb,       hints,                   16,                     1,                 0,                0,                    0,                  1,                  32,                         1,                  0,                 1,                       16,                       16,           4096,       int,  40000000,           0, ycsb_c_init,            8,      1,            100, -1.000000, 21.876, 2451.062, 1047.440,  38.730,   26.271,  11.106, 546.887, 40000000.000, 0.427, 1.000, 4.482 
named-build/hints-n3-ycsb,       hints,                   16,                     1,                 0,                0,                    0,                  1,                  32,                         1,                  0,                 1,                       16,                       16,           4096,       int,  40000000,           0, ycsb_c,            8,      1,            100, -1.000000, 67.392, 3023.093, 729.163,  22.134,   16.059,  10.341, 673.649, 100000000.000, 0.241, 1.000, 4.488 
named-build/hash-n3-ycsb,        hash,                   16,                     1,                 0,                1,                    0,                  1,                  32,                         1,                  0,                 1,                       16,                       16,           4096,       int,  35000000,           0, ycsb_c_init,            8,      1,            100, -1.000000, 19.955, 2560.732, 1392.004,  25.756,   16.380,  10.946, 570.129, 35000000.000, 0.544, 1.000, 4.492 
named-build/hash-n3-ycsb,        hash,                   16,                     1,                 0,                1,                    0,                  1,                  32,                         1,                  0,                 1,                       16,                       16,           4096,       int,  35000000,           0, ycsb_c,            8,      1,            100, -1.000000, 75.372, 3383.844, 746.592,  25.261,   18.825,   9.254, 753.694, 100000000.000, 0.221, 1.000, 4.490 
named-build/dense2-n3-ycsb,      dense2,                   16,                     1,                 0,                0,                    0,                  1,                  32,                         1,                  0,                 1,                       16,                       16,           4096,       int,  45000000,           0, ycsb_c_init,            8,      1,            100, -1.000000, 16.495, 1646.357, 799.065,  21.565,   13.663,   8.363, 366.549, 45000000.000, 0.485, 1.000, 4.492 
named-build/dense2-n3-ycsb,      dense2,                   16,                     1,                 0,                0,                    0,                  1,                  32,                         1,                  0,                 1,                       16,                       16,           4096,       int,  45000000,           0, ycsb_c,            8,      1,            100, -1.000000, 49.105, 2205.405, 603.183,  17.558,   12.010,   7.135, 491.041, 100000000.000, 0.274, 1.000, 4.491 
named-build/hash-n3-ycsb,        hash,                   16,                     1,                 0,                1,                    0,                  1,                  32,                         1,                  0,                 1,                       16,                       16,           4096,       int,  40000000,           0, ycsb_c_init,            8,      1,            100, -1.000000, 23.305, 2616.742, 1397.004,  26.096,   16.671,  11.099, 582.600, 40000000.000, 0.534, 1.000, 4.491 
named-build/hash-n3-ycsb,        hash,                   16,                     1,                 0,                1,                    0,                  1,                  32,                         1,                  0,                 1,                       16,                       16,           4096,       int,  40000000,           0, ycsb_c,            8,      1,            100, -1.000000, 80.168, 3600.527, 747.479,  25.603,   19.010,   9.395, 801.657, 100000000.000, 0.208, 1.000, 4.491 
named-build/hints-n3-ycsb,       hints,                   16,                     1,                 0,                0,                    0,                  1,                  32,                         1,                  0,                 1,                       16,                       16,           4096,       int,  45000000,           0, ycsb_c_init,            8,      1,            100, -1.000000, 24.278, 2422.248, 1049.712,  38.846,   26.496,  11.185, 539.491, 45000000.000, 0.433, 1.000, 4.490 
named-build/hints-n3-ycsb,       hints,                   16,                     1,                 0,                0,                    0,                  1,                  32,                         1,                  0,                 1,                       16,                       16,           4096,       int,  45000000,           0, ycsb_c,            8,      1,            100, -1.000000, 74.276, 3332.454, 730.312,  22.262,   16.164,  10.481, 742.744, 100000000.000, 0.219, 1.000, 4.487 
named-build/dense2-n3-ycsb,      dense2,                   16,                     1,                 0,                0,                    0,                  1,                  32,                         1,                  0,                 1,                       16,                       16,           4096,       int,  50000000,           0, ycsb_c_init,            8,      1,            100, -1.000000, 19.211, 1723.439, 802.452,  21.809,   13.862,   8.499, 384.200, 50000000.000, 0.466, 1.000, 4.486 
named-build/dense2-n3-ycsb,      dense2,                   16,                     1,                 0,                0,                    0,                  1,                  32,                         1,                  0,                 1,                       16,                       16,           4096,       int,  50000000,           0, ycsb_c,            8,      1,            100, -1.000000, 51.642, 2317.171, 608.259,  17.732,   12.255,   7.224, 516.409, 100000000.000, 0.263, 1.000, 4.487 
named-build/hash-n3-ycsb,        hash,                   16,                     1,                 0,                1,                    0,                  1,                  32,                         1,                  0,                 1,                       16,                       16,           4096,       int,  45000000,           0, ycsb_c_init,            8,      1,            100, -1.000000, 26.334, 2628.336, 1399.461,  26.237,   16.871,  11.174, 585.179, 45000000.000, 0.532, 1.000, 4.492 
named-build/hash-n3-ycsb,        hash,                   16,                     1,                 0,                1,                    0,                  1,                  32,                         1,                  0,                 1,                       16,                       16,           4096,       int,  45000000,           0, ycsb_c,            8,      1,            100, -1.000000, 79.955, 3591.027, 748.685,  25.924,   19.229,   9.503, 799.538, 100000000.000, 0.208, 1.000, 4.491 
named-build/hints-n3-ycsb,       hints,                   16,                     1,                 0,                0,                    0,                  1,                  32,                         1,                  0,                 1,                       16,                       16,           4096,       int,  50000000,           0, ycsb_c_init,            8,      1,            100, -1.000000, 27.700, 2488.247, 1052.244,  39.108,   26.662,  11.282, 553.989, 50000000.000, 0.423, 1.000, 4.492 
named-build/hints-n3-ycsb,       hints,                   16,                     1,                 0,                0,                    0,                  1,                  32,                         1,                  0,                 1,                       16,                       16,           4096,       int,  50000000,           0, ycsb_c,            8,      1,            100, -1.000000, 72.536, 3257.761, 732.104,  22.667,   16.248,  10.578, 725.341, 100000000.000, 0.225, 1.000, 4.491 
named-build/hints-n3-ycsb,       hints,                   16,                     1,                 0,                0,                    0,                  1,                  32,                         1,                  0,                 1,                       16,                       16,           4096,       int,  55000000,           0, ycsb_c_init,            8,      1,            100, -1.000000, 30.984, 2526.722, 1054.940,  39.374,   26.990,  11.424, 563.325, 55000000.000, 0.418, 1.000, 4.485 
named-build/hints-n3-ycsb,       hints,                   16,                     1,                 0,                0,                    0,                  1,                  32,                         1,                  0,                 1,                       16,                       16,           4096,       int,  55000000,           0, ycsb_c,            8,      1,            100, -1.000000, 76.579, 3437.220, 736.607,  23.269,   16.618,  10.734, 765.770, 100000000.000, 0.214, 1.000, 4.489 
named-build/hash-n3-ycsb,        hash,                   16,                     1,                 0,                1,                    0,                  1,                  32,                         1,                  0,                 1,                       16,                       16,           4096,       int,  50000000,           0, ycsb_c_init,            8,      1,            100, -1.000000, 29.985, 2689.790, 1401.688,  26.356,   16.986,  11.276, 599.680, 50000000.000, 0.521, 1.000, 4.485 
named-build/hash-n3-ycsb,        hash,                   16,                     1,                 0,                1,                    0,                  1,                  32,                         1,                  0,                 1,                       16,                       16,           4096,       int,  50000000,           0, ycsb_c,            8,      1,            100, -1.000000, 85.158, 3822.152, 749.879,  26.031,   19.285,   9.690, 851.560, 100000000.000, 0.196, 1.000, 4.488 
named-build/dense2-n3-ycsb,      dense2,                   16,                     1,                 0,                0,                    0,                  1,                  32,                         1,                  0,                 1,                       16,                       16,           4096,       int,  55000000,           0, ycsb_c_init,            8,      1,            100, -1.000000, 20.376, 1663.955, 805.071,  22.070,   14.199,   8.628, 370.467, 55000000.000, 0.484, 1.000, 4.492 
named-build/dense2-n3-ycsb,      dense2,                   16,                     1,                 0,                0,                    0,                  1,                  32,                         1,                  0,                 1,                       16,                       16,           4096,       int,  55000000,           0, ycsb_c,            8,      1,            100, -1.000000, 56.876, 2554.289, 609.487,  17.925,   12.470,   7.318, 568.740, 100000000.000, 0.239, 1.000, 4.491 
named-build/dense2-n3-ycsb,      dense2,                   16,                     1,                 0,                0,                    0,                  1,                  32,                         1,                  0,                 1,                       16,                       16,           4096,       int,  60000000,           0, ycsb_c_init,            8,      1,            100, -1.000000, 25.327, 1894.562, 806.295,  22.246,   14.345,   8.697, 422.106, 60000000.000, 0.426, 1.000, 4.488 
named-build/dense2-n3-ycsb,      dense2,                   16,                     1,                 0,                0,                    0,                  1,                  32,                         1,                  0,                 1,                       16,                       16,           4096,       int,  60000000,           0, ycsb_c,            8,      1,            100, -1.000000, 58.157, 2610.754, 610.280,  18.242,   12.655,   7.368, 581.504, 100000000.000, 0.234, 1.000, 4.490 
named-build/hash-n3-ycsb,        hash,                   16,                     1,                 0,                1,                    0,                  1,                  32,                         1,                  0,                 1,                       16,                       16,           4096,       int,  55000000,           0, ycsb_c_init,            8,      1,            100, -1.000000, 32.473, 2651.738, 1403.738,  26.652,   17.213,  11.413, 590.393, 55000000.000, 0.529, 1.000, 4.491 
named-build/hash-n3-ycsb,        hash,                   16,                     1,                 0,                1,                    0,                  1,                  32,                         1,                  0,                 1,                       16,                       16,           4096,       int,  55000000,           0, ycsb_c,            8,      1,            100, -1.000000, 82.706, 3714.542, 750.850,  26.278,   19.431,   9.772, 827.040, 100000000.000, 0.202, 1.000, 4.491 
named-build/hints-n3-ycsb,       hints,                   16,                     1,                 0,                0,                    0,                  1,                  32,                         1,                  0,                 1,                       16,                       16,           4096,       int,  60000000,           0, ycsb_c_init,            8,      1,            100, -1.000000, 35.866, 2683.128, 1057.137,  39.373,   26.975,  11.503, 597.739, 60000000.000, 0.394, 1.000, 4.489 
named-build/hints-n3-ycsb,       hints,                   16,                     1,                 0,                0,                    0,                  1,                  32,                         1,                  0,                 1,                       16,                       16,           4096,       int,  60000000,           0, ycsb_c,            8,      1,            100, -1.000000, 77.582, 3482.891, 738.093,  23.388,   16.645,  10.693, 775.808, 100000000.000, 0.212, 1.000, 4.489 
named-build/dense2-n3-ycsb,      dense2,                   16,                     1,                 0,                0,                    0,                  1,                  32,                         1,                  0,                 1,                       16,                       16,           4096,       int,  65000000,           0, ycsb_c_init,            8,      1,            100, -1.000000, 27.199, 1879.130, 808.535,  22.314,   14.353,   8.766, 418.433, 65000000.000, 0.430, 1.000, 4.491 
named-build/dense2-n3-ycsb,      dense2,                   16,                     1,                 0,                0,                    0,                  1,                  32,                         1,                  0,                 1,                       16,                       16,           4096,       int,  65000000,           0, ycsb_c,            8,      1,            100, -1.000000, 57.001, 2558.350, 611.337,  18.239,   12.658,   7.466, 570.005, 100000000.000, 0.239, 1.000, 4.488 
named-build/hints-n3-ycsb,       hints,                   16,                     1,                 0,                0,                    0,                  1,                  32,                         1,                  0,                 1,                       16,                       16,           4096,       int,  65000000,           0, ycsb_c_init,            8,      1,            100, -1.000000, 39.665, 2740.734, 1058.860,  39.568,   27.086,  11.531, 610.204, 65000000.000, 0.386, 1.000, 4.492 
named-build/hints-n3-ycsb,       hints,                   16,                     1,                 0,                0,                    0,                  1,                  32,                         1,                  0,                 1,                       16,                       16,           4096,       int,  65000000,           0, ycsb_c,            8,      1,            100, -1.000000, 75.717, 3400.645, 739.213,  23.609,   16.701,  10.720, 757.152, 100000000.000, 0.217, 1.000, 4.491 
named-build/hash-n3-ycsb,        hash,                   16,                     1,                 0,                1,                    0,                  1,                  32,                         1,                  0,                 1,                       16,                       16,           4096,       int,  60000000,           0, ycsb_c_init,            8,      1,            100, -1.000000, 39.054, 2923.466, 1404.870,  26.824,   17.343,  11.454, 650.887, 60000000.000, 0.481, 1.000, 4.492 
named-build/hash-n3-ycsb,        hash,                   16,                     1,                 0,                1,                    0,                  1,                  32,                         1,                  0,                 1,                       16,                       16,           4096,       int,  60000000,           0, ycsb_c,            8,      1,            100, -1.000000, 84.100, 3777.187, 752.873,  26.712,   19.617,   9.811, 840.987, 100000000.000, 0.199, 1.000, 4.491 
named-build/hints-n3-ycsb,       hints,                   16,                     1,                 0,                0,                    0,                  1,                  32,                         1,                  0,                 1,                       16,                       16,           4096,       int,  70000000,           0, ycsb_c_init,            8,      1,            100, -1.000000, 40.423, 2593.512, 1060.572,  39.735,   27.293,  11.616, 577.448, 70000000.000, 0.409, 1.000, 4.491 
named-build/hints-n3-ycsb,       hints,                   16,                     1,                 0,                0,                    0,                  1,                  32,                         1,                  0,                 1,                       16,                       16,           4096,       int,  70000000,           0, ycsb_c,            8,      1,            100, -1.000000, 75.750, 3401.943, 740.080,  23.822,   16.985,  10.797, 757.474, 100000000.000, 0.218, 1.000, 4.491 
named-build/hash-n3-ycsb,        hash,                   16,                     1,                 0,                1,                    0,                  1,                  32,                         1,                  0,                 1,                       16,                       16,           4096,       int,  65000000,           0, ycsb_c_init,            8,      1,            100, -1.000000, 41.259, 2849.939, 1407.574,  26.923,   17.565,  11.581, 634.736, 65000000.000, 0.494, 1.000, 4.490 
named-build/hash-n3-ycsb,        hash,                   16,                     1,                 0,                1,                    0,                  1,                  32,                         1,                  0,                 1,                       16,                       16,           4096,       int,  65000000,           0, ycsb_c,            8,      1,            100, -1.000000, 85.014, 3816.584, 754.503,  26.924,   19.897,   9.993, 850.122, 100000000.000, 0.198, 1.000, 4.489 
named-build/dense2-n3-ycsb,      dense2,                   16,                     1,                 0,                0,                    0,                  1,                  32,                         1,                  0,                 1,                       16,                       16,           4096,       int,  70000000,           0, ycsb_c_init,            8,      1,            100, -1.000000, 28.730, 1841.361, 810.245,  22.336,   14.418,   8.872, 410.287, 70000000.000, 0.440, 1.000, 4.488 
named-build/dense2-n3-ycsb,      dense2,                   16,                     1,                 0,                0,                    0,                  1,                  32,                         1,                  0,                 1,                       16,                       16,           4096,       int,  70000000,           0, ycsb_c,            8,      1,            100, -1.000000, 55.360, 2485.297, 612.289,  18.490,   12.826,   7.590, 553.518, 100000000.000, 0.246, 1.000, 4.490 
named-build/dense2-n3-ycsb,      dense2,                   16,                     1,                 0,                0,                    0,                  1,                  32,                         1,                  0,                 1,                       16,                       16,           4096,       int,  30000000,           0, ycsb_c_init,            8,      2,            100, -1.000000, 9.318, 1394.891, 789.062,  20.854,   12.836,   8.122, 310.604, 30000000.000, 0.566, 1.000, 4.491 
named-build/dense2-n3-ycsb,      dense2,                   16,                     1,                 0,                0,                    0,                  1,                  32,                         1,                  0,                 1,                       16,                       16,           4096,       int,  30000000,           0, ycsb_c,            8,      2,            100, -1.000000, 44.586, 2001.641, 597.080,  16.393,   11.230,   6.601, 445.856, 100000000.000, 0.298, 1.000, 4.489 
named-build/hints-n3-ycsb,       hints,                   16,                     1,                 0,                0,                    0,                  1,                  32,                         1,                  0,                 1,                       16,                       16,           4096,       int,  30000000,           0, ycsb_c_init,            8,      2,            100, -1.000000, 14.308, 2140.820, 1039.973,  38.154,   25.927,  10.834, 476.925, 30000000.000, 0.486, 1.000, 4.489 
named-build/hints-n3-ycsb,       hints,                   16,                     1,                 0,                0,                    0,                  1,                  32,                         1,                  0,                 1,                       16,                       16,           4096,       int,  30000000,           0, ycsb_c,            8,      2,            100, -1.000000, 66.888, 3002.955, 726.332,  21.393,   15.691,  10.025, 668.866, 100000000.000, 0.242, 1.000, 4.490 
named-build/dense2-n3-ycsb,      dense2,                   16,                     1,                 0,                0,                    0,                  1,                  32,                         1,                  0,                 1,                       16,                       16,           4096,       int,  35000000,           0, ycsb_c_init,            8,      2,            100, -1.000000, 11.683, 1499.092, 793.499,  21.272,   13.216,   8.219, 333.803, 35000000.000, 0.529, 1.000, 4.491 
named-build/dense2-n3-ycsb,      dense2,                   16,                     1,                 0,                0,                    0,                  1,                  32,                         1,                  0,                 1,                       16,                       16,           4096,       int,  35000000,           0, ycsb_c,            8,      2,            100, -1.000000, 43.148, 1937.837, 599.799,  16.762,   11.329,   6.770, 431.470, 100000000.000, 0.310, 1.000, 4.491 
named-build/hints-n3-ycsb,       hints,                   16,                     1,                 0,                0,                    0,                  1,                  32,                         1,                  0,                 1,                       16,                       16,           4096,       int,  35000000,           0, ycsb_c_init,            8,      2,            100, -1.000000, 16.482, 2115.077, 1044.150,  38.429,   25.977,  10.935, 470.905, 35000000.000, 0.494, 1.000, 4.492 
named-build/hints-n3-ycsb,       hints,                   16,                     1,                 0,                0,                    0,                  1,                  32,                         1,                  0,                 1,                       16,                       16,           4096,       int,  35000000,           0, ycsb_c,            8,      2,            100, -1.000000, 63.725, 2862.027, 727.780,  21.672,   15.663,  10.134, 637.243, 100000000.000, 0.254, 1.000, 4.491 
named-build/hash-n3-ycsb,        hash,                   16,                     1,                 0,                1,                    0,                  1,                  32,                         1,                  0,                 1,                       16,                       16,           4096,       int,  30000000,           0, ycsb_c_init,            8,      2,            100, -1.000000, 15.229, 2279.935, 1386.950,  25.459,   15.983,  10.785, 507.609, 30000000.000, 0.608, 1.000, 4.492 
named-build/hash-n3-ycsb,        hash,                   16,                     1,                 0,                1,                    0,                  1,                  32,                         1,                  0,                 1,                       16,                       16,           4096,       int,  30000000,           0, ycsb_c,            8,      2,            100, -1.000000, 72.609, 3261.090, 739.933,  24.642,   18.302,   9.011, 726.079, 100000000.000, 0.227, 1.000, 4.491 
named-build/hash-n3-ycsb,        hash,                   16,                     1,                 0,                1,                    0,                  1,                  32,                         1,                  0,                 1,                       16,                       16,           4096,       int,  70000000,           0, ycsb_c_init,            8,      1,            100, -1.000000, 41.858, 2685.712, 1409.461,  27.109,   17.699,  11.669, 597.954, 70000000.000, 0.525, 1.000, 4.491 
named-build/hash-n3-ycsb,        hash,                   16,                     1,                 0,                1,                    0,                  1,                  32,                         1,                  0,                 1,                       16,                       16,           4096,       int,  70000000,           0, ycsb_c,            8,      1,            100, -1.000000, 84.993, 3815.440, 758.456,  27.049,   20.025,  10.016, 849.909, 100000000.000, 0.199, 1.000, 4.489 
named-build/dense2-n3-ycsb,      dense2,                   16,                     1,                 0,                0,                    0,                  1,                  32,                         1,                  0,                 1,                       16,                       16,           4096,       int,  40000000,           0, ycsb_c_init,            8,      2,            100, -1.000000, 14.160, 1588.182, 796.940,  21.460,   13.463,   8.354, 353.984, 40000000.000, 0.502, 1.000, 4.487 
named-build/dense2-n3-ycsb,      dense2,                   16,                     1,                 0,                0,                    0,                  1,                  32,                         1,                  0,                 1,                       16,                       16,           4096,       int,  40000000,           0, ycsb_c,            8,      2,            100, -1.000000, 48.116, 2159.286, 600.620,  17.064,   11.766,   6.858, 481.147, 100000000.000, 0.278, 1.000, 4.488 
named-build/hints-n3-ycsb,       hints,                   16,                     1,                 0,                0,                    0,                  1,                  32,                         1,                  0,                 1,                       16,                       16,           4096,       int,  40000000,           0, ycsb_c_init,            8,      2,            100, -1.000000, 21.581, 2421.202, 1047.362,  38.817,   26.399,  11.117, 539.507, 40000000.000, 0.433, 1.000, 4.488 
named-build/hints-n3-ycsb,       hints,                   16,                     1,                 0,                0,                    0,                  1,                  32,                         1,                  0,                 1,                       16,                       16,           4096,       int,  40000000,           0, ycsb_c,            8,      2,            100, -1.000000, 70.691, 3172.284, 729.199,  22.189,   16.107,  10.333, 706.894, 100000000.000, 0.230, 1.000, 4.488 
named-build/hash-n3-ycsb,        hash,                   16,                     1,                 0,                1,                    0,                  1,                  32,                         1,                  0,                 1,                       16,                       16,           4096,       int,  35000000,           0, ycsb_c_init,            8,      2,            100, -1.000000, 19.733, 2530.424, 1391.901,  25.775,   16.373,  10.961, 563.772, 35000000.000, 0.550, 1.000, 4.488 
named-build/hash-n3-ycsb,        hash,                   16,                     1,                 0,                1,                    0,                  1,                  32,                         1,                  0,                 1,                       16,                       16,           4096,       int,  35000000,           0, ycsb_c,            8,      2,            100, -1.000000, 78.736, 3533.235, 746.342,  25.330,   18.868,   9.254, 787.346, 100000000.000, 0.211, 1.000, 4.488 
named-build/dense2-n3-ycsb,      dense2,                   16,                     1,                 0,                0,                    0,                  1,                  32,                         1,                  0,                 1,                       16,                       16,           4096,       int,  45000000,           0, ycsb_c_init,            8,      2,            100, -1.000000, 16.467, 1643.489, 799.040,  21.529,   13.610,   8.368, 365.912, 45000000.000, 0.486, 1.000, 4.491 
named-build/dense2-n3-ycsb,      dense2,                   16,                     1,                 0,                0,                    0,                  1,                  32,                         1,                  0,                 1,                       16,                       16,           4096,       int,  45000000,           0, ycsb_c,            8,      2,            100, -1.000000, 44.925, 2017.653, 603.135,  17.492,   11.955,   7.134, 449.238, 100000000.000, 0.299, 1.000, 4.491 
named-build/hash-n3-ycsb,        hash,                   16,                     1,                 0,                1,                    0,                  1,                  32,                         1,                  0,                 1,                       16,                       16,           4096,       int,  40000000,           0, ycsb_c_init,            8,      2,            100, -1.000000, 20.514, 2303.286, 1396.614,  26.016,   16.513,  11.055, 512.846, 40000000.000, 0.606, 1.000, 4.491 
named-build/hash-n3-ycsb,        hash,                   16,                     1,                 0,                1,                    0,                  1,                  32,                         1,                  0,                 1,                       16,                       16,           4096,       int,  40000000,           0, ycsb_c,            8,      2,            100, -1.000000, 78.940, 3545.389, 747.450,  25.587,   18.979,   9.392, 789.379, 100000000.000, 0.211, 1.000, 4.491 
named-build/hints-n3-ycsb,       hints,                   16,                     1,                 0,                0,                    0,                  1,                  32,                         1,                  0,                 1,                       16,                       16,           4096,       int,  45000000,           0, ycsb_c_init,            8,      2,            100, -1.000000, 25.047, 2499.892, 1050.061,  38.825,   26.596,  11.183, 556.582, 45000000.000, 0.420, 1.000, 4.492 
named-build/hints-n3-ycsb,       hints,                   16,                     1,                 0,                0,                    0,                  1,                  32,                         1,                  0,                 1,                       16,                       16,           4096,       int,  45000000,           0, ycsb_c,            8,      2,            100, -1.000000, 69.807, 3135.241, 730.336,  22.237,   16.129,  10.476, 698.060, 100000000.000, 0.233, 1.000, 4.491 
named-build/dense2-n3-ycsb,      dense2,                   16,                     1,                 0,                0,                    0,                  1,                  32,                         1,                  0,                 1,                       16,                       16,           4096,       int,  50000000,           0, ycsb_c_init,            8,      2,            100, -1.000000, 19.219, 1724.799, 802.179,  21.805,   13.864,   8.481, 384.373, 50000000.000, 0.465, 1.000, 4.487 
named-build/dense2-n3-ycsb,      dense2,                   16,                     1,                 0,                0,                    0,                  1,                  32,                         1,                  0,                 1,                       16,                       16,           4096,       int,  50000000,           0, ycsb_c,            8,      2,            100, -1.000000, 51.729, 2321.850, 608.197,  17.680,   12.184,   7.210, 517.282, 100000000.000, 0.262, 1.000, 4.489 
named-build/hash-n3-ycsb,        hash,                   16,                     1,                 0,                1,                    0,                  1,                  32,                         1,                  0,                 1,                       16,                       16,           4096,       int,  45000000,           0, ycsb_c_init,            8,      2,            100, -1.000000, 25.325, 2527.606, 1399.065,  26.156,   16.855,  11.179, 562.767, 45000000.000, 0.554, 1.000, 4.491 
named-build/hash-n3-ycsb,        hash,                   16,                     1,                 0,                1,                    0,                  1,                  32,                         1,                  0,                 1,                       16,                       16,           4096,       int,  45000000,           0, ycsb_c,            8,      2,            100, -1.000000, 81.202, 3647.020, 748.743,  25.868,   19.210,   9.497, 812.006, 100000000.000, 0.205, 1.000, 4.491 
named-build/hints-n3-ycsb,       hints,                   16,                     1,                 0,                0,                    0,                  1,                  32,                         1,                  0,                 1,                       16,                       16,           4096,       int,  50000000,           0, ycsb_c_init,            8,      2,            100, -1.000000, 30.028, 2694.939, 1052.220,  39.026,   26.628,  11.298, 600.535, 50000000.000, 0.390, 1.000, 4.488 
named-build/hints-n3-ycsb,       hints,                   16,                     1,                 0,                0,                    0,                  1,                  32,                         1,                  0,                 1,                       16,                       16,           4096,       int,  50000000,           0, ycsb_c,            8,      2,            100, -1.000000, 75.542, 3391.147, 732.140,  22.704,   16.269,  10.573, 755.406, 100000000.000, 0.216, 1.000, 4.489 
named-build/dense2-n3-ycsb,      dense2,                   16,                     1,                 0,                0,                    0,                  1,                  32,                         1,                  0,                 1,                       16,                       16,           4096,       int,  55000000,           0, ycsb_c_init,            8,      2,            100, -1.000000, 20.155, 1645.849, 805.181,  21.960,   14.076,   8.636, 366.439, 55000000.000, 0.489, 1.000, 4.491 
named-build/dense2-n3-ycsb,      dense2,                   16,                     1,                 0,                0,                    0,                  1,                  32,                         1,                  0,                 1,                       16,                       16,           4096,       int,  55000000,           0, ycsb_c,            8,      2,            100, -1.000000, 54.110, 2430.142, 609.464,  17.823,   12.408,   7.301, 541.079, 100000000.000, 0.251, 1.000, 4.491 
named-build/hints-n3-ycsb,       hints,                   16,                     1,                 0,                0,                    0,                  1,                  32,                         1,                  0,                 1,                       16,                       16,           4096,       int,  55000000,           0, ycsb_c_init,            8,      2,            100, -1.000000, 31.369, 2559.405, 1055.446,  39.246,   26.883,  11.433, 570.270, 55000000.000, 0.412, 1.000, 4.488 
named-build/hints-n3-ycsb,       hints,                   16,                     1,                 0,                0,                    0,                  1,                  32,                         1,                  0,                 1,                       16,                       16,           4096,       int,  55000000,           0, ycsb_c,            8,      2,            100, -1.000000, 76.315, 3425.134, 737.012,  23.158,   16.616,  10.730, 763.132, 100000000.000, 0.215, 1.000, 4.488 
named-build/hash-n3-ycsb,        hash,                   16,                     1,                 0,                1,                    0,                  1,                  32,                         1,                  0,                 1,                       16,                       16,           4096,       int,  50000000,           0, ycsb_c_init,            8,      2,            100, -1.000000, 30.172, 2708.518, 1402.039,  26.498,   17.077,  11.284, 603.432, 50000000.000, 0.518, 1.000, 4.489 
named-build/hash-n3-ycsb,        hash,                   16,                     1,                 0,                1,                    0,                  1,                  32,                         1,                  0,                 1,                       16,                       16,           4096,       int,  50000000,           0, ycsb_c,            8,      2,            100, -1.000000, 84.385, 3787.381, 749.914,  26.110,   19.294,   9.690, 843.833, 100000000.000, 0.198, 1.000, 4.488 
named-build/dense2-n3-ycsb,      dense2,                   16,                     1,                 0,                0,                    0,                  1,                  32,                         1,                  0,                 1,                       16,                       16,           4096,       int,  60000000,           0, ycsb_c_init,            8,      2,            100, -1.000000, 22.948, 1717.256, 806.239,  22.174,   14.162,   8.716, 382.453, 60000000.000, 0.469, 1.000, 4.490 
named-build/dense2-n3-ycsb,      dense2,                   16,                     1,                 0,                0,                    0,                  1,                  32,                         1,                  0,                 1,                       16,                       16,           4096,       int,  60000000,           0, ycsb_c,            8,      2,            100, -1.000000, 57.055, 2559.532, 610.267,  18.150,   12.456,   7.360, 570.536, 100000000.000, 0.238, 1.000, 4.486 
named-build/hash-n3-ycsb,        hash,                   16,                     1,                 0,                1,                    0,                  1,                  32,                         1,                  0,                 1,                       16,                       16,           4096,       int,  55000000,           0, ycsb_c_init,            8,      2,            100, -1.000000, 32.646, 2665.799, 1403.741,  26.630,   17.208,  11.403, 593.549, 55000000.000, 0.527, 1.000, 4.491 
named-build/hash-n3-ycsb,        hash,                   16,                     1,                 0,                1,                    0,                  1,                  32,                         1,                  0,                 1,                       16,                       16,           4096,       int,  55000000,           0, ycsb_c,            8,      2,            100, -1.000000, 82.402, 3700.904, 750.763,  26.286,   19.425,   9.759, 824.001, 100000000.000, 0.203, 1.000, 4.491 
named-build/hints-n3-ycsb,       hints,                   16,                     1,                 0,                0,                    0,                  1,                  32,                         1,                  0,                 1,                       16,                       16,           4096,       int,  60000000,           0, ycsb_c_init,            8,      2,            100, -1.000000, 35.561, 2661.946, 1057.136,  39.405,   27.050,  11.497, 592.661, 60000000.000, 0.397, 1.000, 4.492 
named-build/hints-n3-ycsb,       hints,                   16,                     1,                 0,                0,                    0,                  1,                  32,                         1,                  0,                 1,                       16,                       16,           4096,       int,  60000000,           0, ycsb_c,            8,      2,            100, -1.000000, 77.333, 3473.284, 738.107,  23.333,   16.594,  10.691, 773.322, 100000000.000, 0.213, 1.000, 4.491 
