                 bin_name, config_name, const_basicHintCount, const_enableBasicHead, const_enableDense, const_enableHash, const_enableHeadNode, const_enablePrefix, const_hashSimdWidth, const_hashSortUseStdMerge, const_hashUseCrc32, const_hashUseSimd, const_headNode4HintCount, const_headNode8HintCount, const_pageSize, data_name, data_size, data_sorted,          op, payload_size, run_id, ycsb_range_len, ycsb_zipf,  time,    cycle,    instr, L1_miss, LLC_miss, br_miss,    task,       scale,   IPC,   CPU,   GHz 
named-build/hints-n3-ycsb,       hints,                   16,                     1,                 0,                0,                    0,                  1,                  32,                         1,                  0,                 1,                       16,                       16,           4096, data/urls,   4268639,           0, ycsb_c_init,            8,      1,            100,  0.500000, 2.600, 2735.857, 1533.747,  62.864,   35.625,  15.777, 609.122, 4268639.000, 0.561, 1.000, 4.491 
named-build/hints-n3-ycsb,       hints,                   16,                     1,                 0,                0,                    0,                  1,                  32,                         1,                  0,                 1,                       16,                       16,           4096, data/urls,   4268639,           0, ycsb_c,            8,      1,            100,  0.500000, 6.234, 2799.798, 1164.396,  43.186,   26.942,  12.950, 623.384, 10000000.000, 0.416, 1.000, 4.491 
named-build/hints-n3-ycsb,       hints,                   16,                     1,                 0,                0,                    0,                  1,                  32,                         1,                  0,                 1,                       16,                       16,           4096, data/urls,   4268639,           0, ycsb_c_init,            8,      1,            100,  0.600000, 2.585, 2720.229, 1533.731,  62.842,   35.660,  15.794, 605.642, 4268639.000, 0.564, 1.000, 4.491 
named-build/hints-n3-ycsb,       hints,                   16,                     1,                 0,                0,                    0,                  1,                  32,                         1,                  0,                 1,                       16,                       16,           4096, data/urls,   4268639,           0, ycsb_c,            8,      1,            100,  0.600000, 6.197, 2782.888, 1164.362,  43.460,   26.921,  12.939, 619.631, 10000000.000, 0.418, 1.000, 4.491 
named-build/hints-n3-ycsb,       hints,                   16,                     1,                 0,                0,                    0,                  1,                  32,                         1,                  0,                 1,                       16,                       16,           4096, data/urls,   4268639,           0, ycsb_c_init,            8,      1,            100,  0.700000, 2.594, 2729.441, 1533.727,  63.041,   35.388,  15.807, 607.693, 4268639.000, 0.562, 1.000, 4.491 
named-build/hints-n3-ycsb,       hints,                   16,                     1,                 0,                0,                    0,                  1,                  32,                         1,                  0,                 1,                       16,                       16,           4096, data/urls,   4268639,           0, ycsb_c,            8,      1,            100,  0.700000, 6.238, 2801.731, 1164.298,  43.418,   27.126,  12.938, 623.826, 10000000.000, 0.416, 1.000, 4.491 
named-build/hints-n3-ycsb,       hints,                   16,                     1,                 0,                0,                    0,                  1,                  32,                         1,                  0,                 1,                       16,                       16,           4096, data/urls,   4268639,           0, ycsb_c_init,            8,      1,            100,  0.800000, 2.647, 2784.564, 1534.462,  63.021,   35.660,  15.814, 619.971, 4268639.000, 0.551, 1.000, 4.491 
named-build/hints-n3-ycsb,       hints,                   16,                     1,                 0,                0,                    0,                  1,                  32,                         1,                  0,                 1,                       16,                       16,           4096, data/urls,   4268639,           0, ycsb_c,            8,      1,            100,  0.800000, 6.401, 2873.305, 1164.282,  43.161,   27.169,  12.954, 640.043, 10000000.000, 0.405, 1.000, 4.489 
named-build/hints-n3-ycsb,       hints,                   16,                     1,                 0,                0,                    0,                  1,                  32,                         1,                  0,                 1,                       16,                       16,           4096, data/urls,   4268639,           0, ycsb_c_init,            8,      1,            100,  0.900000, 2.620, 2756.214, 1533.746,  63.325,   35.718,  15.791, 613.655, 4268639.000, 0.556, 1.000, 4.491 
named-build/hints-n3-ycsb,       hints,                   16,                     1,                 0,                0,                    0,                  1,                  32,                         1,                  0,                 1,                       16,                       16,           4096, data/urls,   4268639,           0, ycsb_c,            8,      1,            100,  0.900000, 6.190, 2780.126, 1163.420,  44.047,   26.760,  12.760, 619.007, 10000000.000, 0.418, 1.000, 4.491 
named-build/hints-n3-ycsb,       hints,                   16,                     1,                 0,                0,                    0,                  1,                  32,                         1,                  0,                 1,                       16,                       16,           4096, data/urls,   4268639,           0, ycsb_c_init,            8,      1,            100,  1.000000, 2.657, 2794.955, 1546.562,  63.451,   35.755,  15.884, 622.362, 4268639.000, 0.553, 1.000, 4.491 
named-build/hints-n3-ycsb,       hints,                   16,                     1,                 0,                0,                    0,                  1,                  32,                         1,                  0,                 1,                       16,                       16,           4096, data/urls,   4268639,           0, ycsb_c,            8,      1,            100,  1.000000, 5.375, 2413.922, 1159.121,  40.763,   23.365,  11.379, 537.469, 10000000.000, 0.480, 1.000, 4.491 
named-build/hints-n3-ycsb,       hints,                   16,                     1,                 0,                0,                    0,                  1,                  32,                         1,                  0,                 1,                       16,                       16,           4096, data/urls,   4268639,           0, ycsb_c_init,            8,      1,            100,  1.100000, 2.588, 2722.936, 1533.742,  62.854,   35.717,  15.781, 606.253, 4268639.000, 0.563, 1.000, 4.491 
named-build/hints-n3-ycsb,       hints,                   16,                     1,                 0,                0,                    0,                  1,                  32,                         1,                  0,                 1,                       16,                       16,           4096, data/urls,   4268639,           0, ycsb_c,            8,      1,            100,  1.100000, 3.853, 1729.508, 1150.208,  33.682,   16.040,   8.388, 385.247, 10000000.000, 0.665, 1.000, 4.489 
named-build/hints-n3-ycsb,       hints,                   16,                     1,                 0,                0,                    0,                  1,                  32,                         1,                  0,                 1,                       16,                       16,           4096, data/urls,   4268639,           0, ycsb_c_init,            8,      1,            100,  1.200000, 2.676, 2815.562, 1533.725,  62.723,   35.302,  15.781, 626.870, 4268639.000, 0.545, 1.000, 4.491 
named-build/hints-n3-ycsb,       hints,                   16,                     1,                 0,                0,                    0,                  1,                  32,                         1,                  0,                 1,                       16,                       16,           4096, data/urls,   4268639,           0, ycsb_c,            8,      1,            100,  1.200000, 2.473, 1110.506, 1140.875,  25.368,    9.086,   5.594, 247.280, 10000000.000, 1.027, 1.000, 4.491 
named-build/hints-n3-ycsb,       hints,                   16,                     1,                 0,                0,                    0,                  1,                  32,                         1,                  0,                 1,                       16,                       16,           4096, data/urls,   4268639,           0, ycsb_c_init,            8,      1,            100,  1.300000, 2.642, 2780.139, 1533.768,  62.711,   35.519,  15.816, 618.984, 4268639.000, 0.552, 1.000, 4.491 
named-build/hints-n3-ycsb,       hints,                   16,                     1,                 0,                0,                    0,                  1,                  32,                         1,                  0,                 1,                       16,                       16,           4096, data/urls,   4268639,           0, ycsb_c,            8,      1,            100,  1.300000, 1.686, 756.217, 1133.093,  18.482,    5.029,   3.741, 168.560, 10000000.000, 1.498, 1.000, 4.486 
named-build/hints-n3-ycsb,       hints,                   16,                     1,                 0,                0,                    0,                  1,                  32,                         1,                  0,                 1,                       16,                       16,           4096, data/urls,   4268639,           0, ycsb_c_init,            8,      1,            100,  1.400000, 2.624, 2760.826, 1533.753,  62.816,   35.468,  15.790, 614.724, 4268639.000, 0.556, 1.000, 4.491 
named-build/hints-n3-ycsb,       hints,                   16,                     1,                 0,                0,                    0,                  1,                  32,                         1,                  0,                 1,                       16,                       16,           4096, data/urls,   4268639,           0, ycsb_c,            8,      1,            100,  1.400000, 1.263, 567.384, 1126.678,  13.376,    2.724,   2.589, 126.342, 10000000.000, 1.986, 1.000, 4.491 
named-build/hints-n3-ycsb,       hints,                   16,                     1,                 0,                0,                    0,                  1,                  32,                         1,                  0,                 1,                       16,                       16,           4096, data/urls,   4268639,           0, ycsb_c_init,            8,      1,            100,  1.500000, 2.595, 2729.883, 1533.732,  62.733,   35.575,  15.794, 607.832, 4268639.000, 0.562, 1.000, 4.491 
named-build/hints-n3-ycsb,       hints,                   16,                     1,                 0,                0,                    0,                  1,                  32,                         1,                  0,                 1,                       16,                       16,           4096, data/urls,   4268639,           0, ycsb_c,            8,      1,            100,  1.500000, 1.089, 489.243, 1121.245,   9.746,    1.474,   1.888, 108.942, 10000000.000, 2.292, 1.000, 4.491 
named-build/hints-n3-ycsb,       hints,                   16,                     1,                 0,                0,                    0,                  1,                  32,                         1,                  0,                 1,                       16,                       16,           4096, data/wiki,   9818360,           0, ycsb_c_init,            8,      1,            100,  0.500000, 5.549, 2538.275, 1169.247,  49.540,   30.914,  15.928, 565.132, 9818360.000, 0.461, 1.000, 4.491 
named-build/hints-n3-ycsb,       hints,                   16,                     1,                 0,                0,                    0,                  1,                  32,                         1,                  0,                 1,                       16,                       16,           4096, data/wiki,   9818360,           0, ycsb_c,            8,      1,            100,  0.500000, 5.862, 2632.497, 846.698,  32.991,   23.988,  13.137, 586.132, 10000000.000, 0.322, 1.000, 4.491 
named-build/hints-n3-ycsb,       hints,                   16,                     1,                 0,                0,                    0,                  1,                  32,                         1,                  0,                 1,                       16,                       16,           4096, data/wiki,   9818360,           0, ycsb_c_init,            8,      1,            100,  0.600000, 5.523, 2526.457, 1169.282,  49.438,   30.983,  15.901, 562.503, 9818360.000, 0.463, 1.000, 4.491 
named-build/hints-n3-ycsb,       hints,                   16,                     1,                 0,                0,                    0,                  1,                  32,                         1,                  0,                 1,                       16,                       16,           4096, data/wiki,   9818360,           0, ycsb_c,            8,      1,            100,  0.600000, 5.878, 2638.668, 846.771,  32.992,   24.039,  13.141, 587.653, 10000000.000, 0.321, 1.000, 4.490 
named-build/hints-n3-ycsb,       hints,                   16,                     1,                 0,                0,                    0,                  1,                  32,                         1,                  0,                 1,                       16,                       16,           4096, data/wiki,   9818360,           0, ycsb_c_init,            8,      1,            100,  0.700000, 5.624, 2572.653, 1169.285,  49.586,   31.063,  15.902, 572.789, 9818360.000, 0.455, 1.000, 4.491 
named-build/hints-n3-ycsb,       hints,                   16,                     1,                 0,                0,                    0,                  1,                  32,                         1,                  0,                 1,                       16,                       16,           4096, data/wiki,   9818360,           0, ycsb_c,            8,      1,            100,  0.700000, 5.961, 2676.973, 846.687,  33.184,   24.316,  13.133, 596.033, 10000000.000, 0.316, 1.000, 4.491 
named-build/hints-n3-ycsb,       hints,                   16,                     1,                 0,                0,                    0,                  1,                  32,                         1,                  0,                 1,                       16,                       16,           4096, data/wiki,   9818360,           0, ycsb_c_init,            8,      1,            100,  0.800000, 5.778, 2643.244, 1169.302,  49.672,   31.079,  15.940, 588.507, 9818360.000, 0.442, 1.000, 4.491 
named-build/hints-n3-ycsb,       hints,                   16,                     1,                 0,                0,                    0,                  1,                  32,                         1,                  0,                 1,                       16,                       16,           4096, data/wiki,   9818360,           0, ycsb_c,            8,      1,            100,  0.800000, 5.971, 2681.592, 846.799,  32.972,   24.115,  13.143, 597.064, 10000000.000, 0.316, 1.000, 4.491 
named-build/hints-n3-ycsb,       hints,                   16,                     1,                 0,                0,                    0,                  1,                  32,                         1,                  0,                 1,                       16,                       16,           4096, data/wiki,   9818360,           0, ycsb_c_init,            8,      1,            100,  0.900000, 5.752, 2628.939, 1169.307,  49.529,   31.031,  15.933, 585.813, 9818360.000, 0.445, 1.000, 4.488 
named-build/hints-n3-ycsb,       hints,                   16,                     1,                 0,                0,                    0,                  1,                  32,                         1,                  0,                 1,                       16,                       16,           4096, data/wiki,   9818360,           0, ycsb_c,            8,      1,            100,  0.900000, 5.822, 2614.721, 847.304,  32.874,   23.935,  12.990, 582.175, 10000000.000, 0.324, 1.000, 4.491 
named-build/hints-n3-ycsb,       hints,                   16,                     1,                 0,                0,                    0,                  1,                  32,                         1,                  0,                 1,                       16,                       16,           4096, data/wiki,   9818360,           0, ycsb_c_init,            8,      1,            100,  1.000000, 5.628, 2574.672, 1169.259,  49.480,   30.877,  15.907, 573.236, 9818360.000, 0.454, 1.000, 4.491 
named-build/hints-n3-ycsb,       hints,                   16,                     1,                 0,                0,                    0,                  1,                  32,                         1,                  0,                 1,                       16,                       16,           4096, data/wiki,   9818360,           0, ycsb_c,            8,      1,            100,  1.000000, 5.033, 2260.412, 850.469,  31.062,   20.873,  11.575, 503.287, 10000000.000, 0.376, 1.000, 4.491 
named-build/hints-n3-ycsb,       hints,                   16,                     1,                 0,                0,                    0,                  1,                  32,                         1,                  0,                 1,                       16,                       16,           4096, data/wiki,   9818360,           0, ycsb_c_init,            8,      1,            100,  1.100000, 5.803, 2653.110, 1169.303,  49.454,   30.833,  15.930, 591.015, 9818360.000, 0.441, 1.000, 4.489 
named-build/hints-n3-ycsb,       hints,                   16,                     1,                 0,                0,                    0,                  1,                  32,                         1,                  0,                 1,                       16,                       16,           4096, data/wiki,   9818360,           0, ycsb_c,            8,      1,            100,  1.100000, 3.676, 1650.247, 857.958,  25.003,   14.145,   8.581, 367.634, 10000000.000, 0.520, 1.000, 4.489 
named-build/hints-n3-ycsb,       hints,                   16,                     1,                 0,                0,                    0,                  1,                  32,                         1,                  0,                 1,                       16,                       16,           4096, data/wiki,   9818360,           0, ycsb_c_init,            8,      1,            100,  1.200000, 5.652, 2584.693, 1169.250,  49.505,   30.920,  15.920, 575.678, 9818360.000, 0.452, 1.000, 4.490 
named-build/hints-n3-ycsb,       hints,                   16,                     1,                 0,                0,                    0,                  1,                  32,                         1,                  0,                 1,                       16,                       16,           4096, data/wiki,   9818360,           0, ycsb_c,            8,      1,            100,  1.200000, 2.051, 921.313, 866.920,  17.729,    7.993,   5.680, 205.145, 10000000.000, 0.941, 1.000, 4.491 
named-build/hints-n3-ycsb,       hints,                   16,                     1,                 0,                0,                    0,                  1,                  32,                         1,                  0,                 1,                       16,                       16,           4096, data/wiki,   9818360,           0, ycsb_c_init,            8,      1,            100,  1.300000, 5.638, 2578.896, 1169.952,  49.780,   30.992,  15.910, 574.179, 9818360.000, 0.454, 1.000, 4.491 
named-build/hints-n3-ycsb,       hints,                   16,                     1,                 0,                0,                    0,                  1,                  32,                         1,                  0,                 1,                       16,                       16,           4096, data/wiki,   9818360,           0, ycsb_c,            8,      1,            100,  1.300000, 1.364, 612.649, 875.622,  12.388,    4.288,   3.826, 136.420, 10000000.000, 1.429, 1.000, 4.491 
named-build/hints-n3-ycsb,       hints,                   16,                     1,                 0,                0,                    0,                  1,                  32,                         1,                  0,                 1,                       16,                       16,           4096, data/wiki,   9818360,           0, ycsb_c_init,            8,      1,            100,  1.400000, 5.627, 2573.911, 1169.966,  49.571,   30.989,  15.920, 573.071, 9818360.000, 0.455, 1.000, 4.491 
named-build/hints-n3-ycsb,       hints,                   16,                     1,                 0,                0,                    0,                  1,                  32,                         1,                  0,                 1,                       16,                       16,           4096, data/wiki,   9818360,           0, ycsb_c,            8,      1,            100,  1.400000, 1.032, 463.320, 883.643,   8.823,    2.328,   2.711, 103.173, 10000000.000, 1.907, 1.000, 4.491 
named-build/hints-n3-ycsb,       hints,                   16,                     1,                 0,                0,                    0,                  1,                  32,                         1,                  0,                 1,                       16,                       16,           4096, data/wiki,   9818360,           0, ycsb_c_init,            8,      1,            100,  1.500000, 5.592, 2557.938, 1169.270,  49.432,   30.914,  15.918, 569.513, 9818360.000, 0.457, 1.000, 4.491 
named-build/hints-n3-ycsb,       hints,                   16,                     1,                 0,                0,                    0,                  1,                  32,                         1,                  0,                 1,                       16,                       16,           4096, data/wiki,   9818360,           0, ycsb_c,            8,      1,            100,  1.500000, 0.857, 385.013, 890.984,   6.113,    1.276,   2.015, 85.736, 10000000.000, 2.314, 1.000, 4.491 
named-build/hints-n3-ycsb,       hints,                   16,                     1,                 0,                0,                    0,                  1,                  32,                         1,                  0,                 1,                       16,                       16,           4096,       int,  25000000,           0, ycsb_c_init,            8,      1,            100,  0.500000, 9.853, 1768.240, 1033.484,  37.905,   25.504,  10.587, 394.108, 25000000.000, 0.584, 1.000, 4.487 
named-build/hints-n3-ycsb,       hints,                   16,                     1,                 0,                0,                    0,                  1,                  32,                         1,                  0,                 1,                       16,                       16,           4096,       int,  25000000,           0, ycsb_c,            8,      1,            100,  0.500000, 4.299, 1930.730, 719.707,  20.625,   15.061,   9.749, 429.893, 10000000.000, 0.373, 1.000, 4.491 
named-build/hints-n3-ycsb,       hints,                   16,                     1,                 0,                0,                    0,                  1,                  32,                         1,                  0,                 1,                       16,                       16,           4096,       int,  25000000,           0, ycsb_c_init,            8,      1,            100,  0.600000, 10.203, 1832.359, 1033.603,  37.889,   25.629,  10.584, 408.084, 25000000.000, 0.564, 1.000, 4.490 
named-build/hints-n3-ycsb,       hints,                   16,                     1,                 0,                0,                    0,                  1,                  32,                         1,                  0,                 1,                       16,                       16,           4096,       int,  25000000,           0, ycsb_c,            8,      1,            100,  0.600000, 4.787, 2149.274, 719.780,  20.729,   15.022,   9.766, 478.704, 10000000.000, 0.335, 1.000, 4.490 
named-build/hints-n3-ycsb,       hints,                   16,                     1,                 0,                0,                    0,                  1,                  32,                         1,                  0,                 1,                       16,                       16,           4096,       int,  25000000,           0, ycsb_c_init,            8,      1,            100,  0.700000, 10.073, 1808.686, 1033.520,  37.892,   25.614,  10.594, 402.832, 25000000.000, 0.571, 1.000, 4.490 
named-build/hints-n3-ycsb,       hints,                   16,                     1,                 0,                0,                    0,                  1,                  32,                         1,                  0,                 1,                       16,                       16,           4096,       int,  25000000,           0, ycsb_c,            8,      1,            100,  0.700000, 4.345, 1951.181, 719.695,  20.461,   14.998,   9.750, 434.443, 10000000.000, 0.369, 1.000, 4.491 
named-build/hints-n3-ycsb,       hints,                   16,                     1,                 0,                0,                    0,                  1,                  32,                         1,                  0,                 1,                       16,                       16,           4096,       int,  25000000,           0, ycsb_c_init,            8,      1,            100,  0.800000, 10.436, 1874.632, 1033.965,  37.852,   25.664,  10.593, 417.431, 25000000.000, 0.552, 1.000, 4.491 
named-build/hints-n3-ycsb,       hints,                   16,                     1,                 0,                0,                    0,                  1,                  32,                         1,                  0,                 1,                       16,                       16,           4096,       int,  25000000,           0, ycsb_c,            8,      1,            100,  0.800000, 4.897, 2197.964, 719.812,  20.614,   15.067,   9.762, 489.702, 10000000.000, 0.327, 1.000, 4.488 
named-build/hints-n3-ycsb,       hints,                   16,                     1,                 0,                0,                    0,                  1,                  32,                         1,                  0,                 1,                       16,                       16,           4096,       int,  25000000,           0, ycsb_c_init,            8,      1,            100,  0.900000, 10.567, 1896.337, 1033.503,  37.928,   25.751,  10.647, 422.647, 25000000.000, 0.545, 1.000, 4.487 
named-build/hints-n3-ycsb,       hints,                   16,                     1,                 0,                0,                    0,                  1,                  32,                         1,                  0,                 1,                       16,                       16,           4096,       int,  25000000,           0, ycsb_c,            8,      1,            100,  0.900000, 5.200, 2333.418, 719.862,  20.770,   15.038,   9.727, 519.998, 10000000.000, 0.309, 1.000, 4.487 
named-build/hints-n3-ycsb,       hints,                   16,                     1,                 0,                0,                    0,                  1,                  32,                         1,                  0,                 1,                       16,                       16,           4096,       int,  25000000,           0, ycsb_c_init,            8,      1,            100,  1.000000, 10.175, 1828.047, 1033.901,  37.874,   25.546,  10.610, 407.004, 25000000.000, 0.566, 1.000, 4.491 
named-build/hints-n3-ycsb,       hints,                   16,                     1,                 0,                0,                    0,                  1,                  32,                         1,                  0,                 1,                       16,                       16,           4096,       int,  25000000,           0, ycsb_c,            8,      1,            100,  1.000000, 3.788, 1700.999, 720.088,  19.534,   12.911,   8.698, 378.749, 10000000.000, 0.423, 1.000, 4.491 
named-build/hints-n3-ycsb,       hints,                   16,                     1,                 0,                0,                    0,                  1,                  32,                         1,                  0,                 1,                       16,                       16,           4096,       int,  25000000,           0, ycsb_c_init,            8,      1,            100,  1.100000, 9.942, 1785.752, 1033.547,  37.918,   25.645,  10.584, 397.665, 25000000.000, 0.579, 1.000, 4.491 
named-build/hints-n3-ycsb,       hints,                   16,                     1,                 0,                0,                    0,                  1,                  32,                         1,                  0,                 1,                       16,                       16,           4096,       int,  25000000,           0, ycsb_c,            8,      1,            100,  1.100000, 2.623, 1177.763, 720.935,  15.605,    8.531,   6.465, 262.249, 10000000.000, 0.612, 1.000, 4.491 
